id;full_name;position;contact;date;form_id
1;afterwards sate;stopsign wharf;segue;2024-01-30;1
2;register;as;alongside;2024-01-31;2
3;solid how;hungrily;porcelain;2024-01-30;3
4;what;drat sans thoroughly;gregarious aha courageously;2024-01-31;4
5;intention;brr chest fruitful;requirement;2024-01-31;5
6;fatally;consequently;aha;2024-01-31;6
7;where keen unless;ugh;across apud;2024-01-30;7
8;meh pristine lightly;imaginary barrel;sudden;2024-01-30;8
9;the pinstripe;ugh as;bah;2024-01-30;9
10;ha thresh;doubtfully bah;complete what aha;2024-01-31;10
