id;question_1;question_2;question_3;question_4;question_5;question_6;question_7;form_id
1;knife;playfully;per every yum;geez reduction deliberately;oh;swoosh soliloquy abseil;who;1
2;straddle calmly;peak;parser bread forenenst;but;yippee;worriedly;alongside;2
3;urgently media;with cheerfully;or alongside;cuckoo carelessly steel;likewise curiously wasp;on score;hm levitate;3
4;inasmuch aboard past;qua shuffle;ah adventurously;psst below amid;blacken tremendously;voluminous psst gouge;colorize;4
5;pounding pfft;honorable amazing;bah;unless unbearably attribute;lest concerned;skinny why loop;zowie boohoo boldly;5
6;magazine ack;porpoise;expert for;portend;positively whenever;and;retort;6
7;aw before incidentally;lustrous;situation breathe blah;tritone;ack lest particle;steep achieve concentrate;yum sans carelessly;7
8;veto;bah and circa;intently;recent;merrily extrude gemsbok;than gosh inside;frisk ugh refreshments;8
9;poor;marker geez;er on;why sober;huzzah bandanna;carefully overeat critic;yet;9
10;bravely;qua badly opposite;override softly;unnecessarily;um meh;famously lazy why;boss opposite manipulation;10
