id;question_1;question_2;question_3;question_4;question_5;form_id
1;while;but design weekly;however aw;excluding past;vellum;1
2;cheerful inscribe bleakly;after resound when;whose;supposing circa syringe;oh;2
3;flax;crouch ew jasmine;apropos threadbare supposing;aha tasty astride;whoa far excepting;3
4;CD;circa;lambast willfully;whose;easily and;4
5;instead freely readily;slippery;sadly;hmph;supposing image putrid;5
6;huzzah sluice thoughtfully;ugh airfield;frightfully adhere;ouch consequently;abaft dice;6
7;whoa frightfully;trim gut;although gracious;flee between;provided jaggedly;7
8;yuck knuckle walker;yarmulke next;angrily till;aha with amidst;slump consequently save;8
9;stable;yippee before;supposing self-control;cranberry lest;commission;9
10;blocker striped nosh;grounded by;suddenly quarter when;eek lounge psst;garnish;10
